{"cameraMode":{"drawMode":0,"name":"Shaded","section":"Shading Mode"},"sceneLighting":false,"audioPlay":false,"sceneViewState":{"m_AlwaysRefresh":false,"showFog":true,"showSkybox":false,"showFlares":true,"showImageEffects":true,"showParticleSystems":true,"showVisualEffectGraphs":true,"m_FxEnabled":true},"in2DMode":false,"pivot":{"x":-3.254499912261963,"y":1.4594999551773072,"z":1.1406999826431275},"rotation":{"x":-0.3551531434059143,"y":0.03279959782958031,"z":-0.012472165748476982,"w":-0.9341555833816528},"size":0.6391742825508118,"orthographic":false}