{"cameraMode":{"drawMode":0,"name":"Shaded","section":"Shading Mode"},"sceneLighting":false,"audioPlay":false,"sceneViewState":{"m_AlwaysRefresh":false,"showFog":true,"showSkybox":false,"showFlares":true,"showImageEffects":true,"showParticleSystems":true,"showVisualEffectGraphs":true,"m_FxEnabled":true},"in2DMode":false,"pivot":{"x":10.520000457763672,"y":0.8500000238418579,"z":3.6500000953674318},"rotation":{"x":-0.28580260276794436,"y":0.33229559659957888,"z":-0.10640119016170502,"w":-0.8925253748893738},"size":0.8660253882408142,"orthographic":false}